"clip_id","number","track","phonogram","sound_index","label","filename","duration_seconds","bytes","sha256","source_track","source_track_sha256","source_start_seconds","source_end_seconds","transformation"
"spalding-001-01","1","1","a","1","ă /æ/ as in at","spalding-001-a-01-short-a-as-in-at.mp3","0.375011","11007","af168acdea4cc17dc4a98f1f6ef1b70148d498b61552fbb22f2b441646b94bb8","Track01.mp3","e6444b67ac73df868cc4701a6ae14110500d7511f283f639cdf9d9ea9e4e4e19","84.375","84.75","Exact source interval re-encoded to mono 44.1 kHz 192 kbps MP3; no replacement or synthesized audio"
"spalding-001-02","1","1","a","2","ā /eɪ/ as in ate","spalding-001-a-02-long-a-as-in-ate.mp3","0.41","11639","1e6ca7bbd9519cf26bc8232d6d72bd64f471f345b3bb6dc6a2fcbdbe05d47789","Track01.mp3","e6444b67ac73df868cc4701a6ae14110500d7511f283f639cdf9d9ea9e4e4e19","85.195","85.605","Exact source interval re-encoded to mono 44.1 kHz 192 kbps MP3; no replacement or synthesized audio"
"spalding-001-03","1","1","a","3","ah /ɑ/ as in father","spalding-001-a-03-ah-as-in-father.mp3","0.335011","9762","c69f5f5f58de23fcde98b5e062a1747e1c5708d352625824d7fa8031319a53d4","Track01.mp3","e6444b67ac73df868cc4701a6ae14110500d7511f283f639cdf9d9ea9e4e4e19","86.065","86.4","Exact source interval re-encoded to mono 44.1 kHz 192 kbps MP3; no replacement or synthesized audio"
"spalding-002-01","2","1","c","1","/k/ as in cat","spalding-002-c-01-k-as-in-cat.mp3","0.185011","6617","a2292b035bad7676767dde5ff6f767856a0c407ffaf021f89a92d2b461b0d494","Track01.mp3","e6444b67ac73df868cc4701a6ae14110500d7511f283f639cdf9d9ea9e4e4e19","91.859","92.044","Exact source interval re-encoded to mono 44.1 kHz 192 kbps MP3; no replacement or synthesized audio"
"spalding-002-02","2","1","c","2","/s/ as in cent","spalding-002-c-02-s-as-in-cent.mp3","0.355011","10381","175a2050ea58b43bf32e4bb390470d6b83ae19fcf2e9a93f76a3e6200e52cfac","Track01.mp3","e6444b67ac73df868cc4701a6ae14110500d7511f283f639cdf9d9ea9e4e4e19","92.829","93.184","Exact source interval re-encoded to mono 44.1 kHz 192 kbps MP3; no replacement or synthesized audio"
"spalding-003-01","3","1","d","1","/d/","spalding-003-d-01-d.mp3","0.2","6597","bd71a678fdf24a4ee5e206db8195d10a8dfab33de2523f48f0a27f94eff3e456","Track01.mp3","e6444b67ac73df868cc4701a6ae14110500d7511f283f639cdf9d9ea9e4e4e19","97.657","97.857","Exact source interval re-encoded to mono 44.1 kHz 192 kbps MP3; no replacement or synthesized audio"
"spalding-004-01","4","1","f","1","/f/","spalding-004-f-01-f.mp3","0.29","9107","6e00d2ce2201c89e61489a5c74c9159ff277259ac58c9686830cbd22b9f5be34","Track01.mp3","e6444b67ac73df868cc4701a6ae14110500d7511f283f639cdf9d9ea9e4e4e19","103.925","104.215","Exact source interval re-encoded to mono 44.1 kHz 192 kbps MP3; no replacement or synthesized audio"
"spalding-005-01","5","1","g","1","/g/ as in go","spalding-005-g-01-g-as-in-go.mp3","0.205011","6617","51ff21bbe86bef76effdd6dc8dbe945a02eb3863bf3b6338cd6b4c376985c147","Track01.mp3","e6444b67ac73df868cc4701a6ae14110500d7511f283f639cdf9d9ea9e4e4e19","109.477","109.682","Exact source interval re-encoded to mono 44.1 kHz 192 kbps MP3; no replacement or synthesized audio"
"spalding-005-02","5","1","g","2","/j/ as in gentle","spalding-005-g-02-j-as-in-gentle.mp3","0.23","7252","ad9107fb6b92f40fc34a18a2cbe270831ca11b676ed2d23547275496090748c0","Track01.mp3","e6444b67ac73df868cc4701a6ae14110500d7511f283f639cdf9d9ea9e4e4e19","110.342","110.572","Exact source interval re-encoded to mono 44.1 kHz 192 kbps MP3; no replacement or synthesized audio"
"spalding-006-01","6","1","o","1","ŏ /ɑ/ as in odd","spalding-006-o-01-short-o-as-in-odd.mp3","0.355011","10385","e2a348ae63d8c683eabab1478f0ba16f5b3d29d154d4b2e229a67489bba8a82b","Track01.mp3","e6444b67ac73df868cc4701a6ae14110500d7511f283f639cdf9d9ea9e4e4e19","116.006","116.361","Exact source interval re-encoded to mono 44.1 kHz 192 kbps MP3; no replacement or synthesized audio"
"spalding-006-02","6","1","o","2","ō /oʊ/ as in open","spalding-006-o-02-long-o-as-in-open.mp3","0.415011","11643","e10b9f157bfce16d05bfedf05f98fd392457d39769e9e765ee8b7e304b7cbe83","Track01.mp3","e6444b67ac73df868cc4701a6ae14110500d7511f283f639cdf9d9ea9e4e4e19","116.841","117.256","Exact source interval re-encoded to mono 44.1 kHz 192 kbps MP3; no replacement or synthesized audio"
"spalding-006-03","6","1","o","3","oo /u/ as in do","spalding-006-o-03-oo-as-in-do.mp3","0.340658","10385","c4d147d56cae80c452d89f9fe5e3010595ca587d4ac7c1ba52c6c1bc786f57b7","Track01.mp3","e6444b67ac73df868cc4701a6ae14110500d7511f283f639cdf9d9ea9e4e4e19","117.731","118.071","Exact source interval re-encoded to mono 44.1 kHz 192 kbps MP3; no replacement or synthesized audio"
"spalding-007-01","7","1","s","1","/s/ as in sit","spalding-007-s-01-s-as-in-sit.mp3","0.315011","9754","b80b554f9650f331a19622d2ed5fdbe824e6480156d2fca96dc76e064e0a32d2","Track01.mp3","e6444b67ac73df868cc4701a6ae14110500d7511f283f639cdf9d9ea9e4e4e19","124.228","124.543","Exact source interval re-encoded to mono 44.1 kHz 192 kbps MP3; no replacement or synthesized audio"
"spalding-007-02","7","1","s","2","/z/ as in has","spalding-007-s-02-z-as-in-has.mp3","0.38","11008","f0d8f6c2f9820c05c9c5263b675e2247dc2c4821070a71e8e3624b726dcbc054","Track01.mp3","e6444b67ac73df868cc4701a6ae14110500d7511f283f639cdf9d9ea9e4e4e19","125.033","125.413","Exact source interval re-encoded to mono 44.1 kHz 192 kbps MP3; no replacement or synthesized audio"
"spalding-008-01","8","1","qu","1","/kw/","spalding-008-qu-01-kw.mp3","0.19","6603","e83609b9c243bb75fb9472d39910cb61624f683f4fe622db2c54364a93888056","Track01.mp3","e6444b67ac73df868cc4701a6ae14110500d7511f283f639cdf9d9ea9e4e4e19","130.383","130.573","Exact source interval re-encoded to mono 44.1 kHz 192 kbps MP3; no replacement or synthesized audio"
"spalding-009-01","9","1","b","1","/b/","spalding-009-b-01-b.mp3","0.27","8480","c17a78292b62ca8379e8d4aefcfa4b2dfd8b2ca285319b9ec915690b9262dfd4","Track01.mp3","e6444b67ac73df868cc4701a6ae14110500d7511f283f639cdf9d9ea9e4e4e19","137.186","137.456","Exact source interval re-encoded to mono 44.1 kHz 192 kbps MP3; no replacement or synthesized audio"
"spalding-010-01","10","1","e","1","ĕ /ɛ/ as in end","spalding-010-e-01-short-e-as-in-end.mp3","0.31","9134","4feded5d23509c755626bbf62643461aecd91122df544820d66c288e6a016ba9","Track01.mp3","e6444b67ac73df868cc4701a6ae14110500d7511f283f639cdf9d9ea9e4e4e19","143.037","143.347","Exact source interval re-encoded to mono 44.1 kHz 192 kbps MP3; no replacement or synthesized audio"
"spalding-010-02","10","1","e","2","ē /i/ as in me","spalding-010-e-02-long-e-as-in-me.mp3","0.35","10386","16380b66d01dfc0b67cf7a8e746fff39692daddb6262b074734c90196d197247","Track01.mp3","e6444b67ac73df868cc4701a6ae14110500d7511f283f639cdf9d9ea9e4e4e19","143.932","144.282","Exact source interval re-encoded to mono 44.1 kHz 192 kbps MP3; no replacement or synthesized audio"
"spalding-011-01","11","1","h","1","/h/","spalding-011-h-01-h.mp3","0.215011","7228","bc40a2cc6734cb7fd1f673ffb580356210144391ad86fbdf143fc9369bcff597","Track01.mp3","e6444b67ac73df868cc4701a6ae14110500d7511f283f639cdf9d9ea9e4e4e19","150.775","150.99","Exact source interval re-encoded to mono 44.1 kHz 192 kbps MP3; no replacement or synthesized audio"
"spalding-012-01","12","1","i","1","ĭ /ɪ/ as in it","spalding-012-i-01-short-i-as-in-it.mp3","0.265011","8505","0e355273c07cb3dfca7b87c298db79287fae8361b3bfe6c0615a21103bfcdbce","Track01.mp3","e6444b67ac73df868cc4701a6ae14110500d7511f283f639cdf9d9ea9e4e4e19","156.252","156.517","Exact source interval re-encoded to mono 44.1 kHz 192 kbps MP3; no replacement or synthesized audio"
"spalding-012-02","12","1","i","2","ī /aɪ/ as in item","spalding-012-i-02-long-i-as-in-item.mp3","0.375011","11019","73b52fc8ac593d33e833df4169f171c8e6307a6d746fe9fab70a403aacb0e86d","Track01.mp3","e6444b67ac73df868cc4701a6ae14110500d7511f283f639cdf9d9ea9e4e4e19","157.337","157.712","Exact source interval re-encoded to mono 44.1 kHz 192 kbps MP3; no replacement or synthesized audio"
"spalding-013-01","13","1","j","1","/j/","spalding-013-j-01-j.mp3","0.22","7229","77a9fd3b458338ef1e087861e31246cd472db0e2f089b5c484e2f56613f37704","Track01.mp3","e6444b67ac73df868cc4701a6ae14110500d7511f283f639cdf9d9ea9e4e4e19","163.799","164.019","Exact source interval re-encoded to mono 44.1 kHz 192 kbps MP3; no replacement or synthesized audio"
"spalding-014-01","14","1","k","1","/k/","spalding-014-k-01-k.mp3","0.175011","5975","a78805b3f99299102d604fffbdd66813a821983878ef959d20b31e794d83b8f6","Track01.mp3","e6444b67ac73df868cc4701a6ae14110500d7511f283f639cdf9d9ea9e4e4e19","169.806","169.981","Exact source interval re-encoded to mono 44.1 kHz 192 kbps MP3; no replacement or synthesized audio"
"spalding-015-01","15","1","l","1","/l/","spalding-015-l-01-l.mp3","0.355011","10364","15080fd1c6e1af85e20ece41f5de899bc3dea2d0f65abdaf50ce97abad6e2fe4","Track01.mp3","e6444b67ac73df868cc4701a6ae14110500d7511f283f639cdf9d9ea9e4e4e19","175.987","176.342","Exact source interval re-encoded to mono 44.1 kHz 192 kbps MP3; no replacement or synthesized audio"
"spalding-016-01","16","1","m","1","/m/","spalding-016-m-01-m.mp3","0.45","12871","eda7af2ed3aadcdd78c90fbebba852b59edfc58242c17ae7ebcf422c112774c9","Track01.mp3","e6444b67ac73df868cc4701a6ae14110500d7511f283f639cdf9d9ea9e4e4e19","181.424","181.874","Exact source interval re-encoded to mono 44.1 kHz 192 kbps MP3; no replacement or synthesized audio"
"spalding-017-01","17","1","n","1","/n/","spalding-017-n-01-n.mp3","0.5","14125","bab0d69cbcebaa3c8e0d0069b48d172be94ab29bbfafe75bf2c5fc6c10a52406","Track01.mp3","e6444b67ac73df868cc4701a6ae14110500d7511f283f639cdf9d9ea9e4e4e19","187.805","188.305","Exact source interval re-encoded to mono 44.1 kHz 192 kbps MP3; no replacement or synthesized audio"
"spalding-018-01","18","1","p","1","/p/","spalding-018-p-01-p.mp3","0.185011","6601","df2ffb1c7565dc679eeb57096203304c3e78bd9bbbce69e4d2bbd8af130a7302","Track01.mp3","e6444b67ac73df868cc4701a6ae14110500d7511f283f639cdf9d9ea9e4e4e19","194.845","195.03","Exact source interval re-encoded to mono 44.1 kHz 192 kbps MP3; no replacement or synthesized audio"
"spalding-019-01","19","1","r","1","/r/","spalding-019-r-01-r.mp3","0.19","6602","fd17b1f15d428c24c85cd146eb414e3f84561193f977adef2de47a15ebc99bbf","Track01.mp3","e6444b67ac73df868cc4701a6ae14110500d7511f283f639cdf9d9ea9e4e4e19","201.032","201.222","Exact source interval re-encoded to mono 44.1 kHz 192 kbps MP3; no replacement or synthesized audio"
"spalding-020-01","20","1","t","1","/t/","spalding-020-t-01-t.mp3","0.155011","5348","ee34bdec0be69688eb00e0240694c445fafc70891d61ae78dae5d2a0265d7dc2","Track01.mp3","e6444b67ac73df868cc4701a6ae14110500d7511f283f639cdf9d9ea9e4e4e19","207.584","207.739","Exact source interval re-encoded to mono 44.1 kHz 192 kbps MP3; no replacement or synthesized audio"
"spalding-021-01","21","1","u","1","ŭ /ʌ/ as in up","spalding-021-u-01-short-u-as-in-up.mp3","0.22","7251","c2fb266e9750070681701a31b08f5d6c8fb63b22b07b7346fe9f13f3bd141c1c","Track01.mp3","e6444b67ac73df868cc4701a6ae14110500d7511f283f639cdf9d9ea9e4e4e19","213.466","213.686","Exact source interval re-encoded to mono 44.1 kHz 192 kbps MP3; no replacement or synthesized audio"
"spalding-021-02","21","1","u","2","ū /ju/ as in unit","spalding-021-u-02-long-u-as-in-unit.mp3","0.4","11646","c8bcedd71b3add6490caa262138818d198e36322a1bd0f679951905a539f3d39","Track01.mp3","e6444b67ac73df868cc4701a6ae14110500d7511f283f639cdf9d9ea9e4e4e19","214.391","214.791","Exact source interval re-encoded to mono 44.1 kHz 192 kbps MP3; no replacement or synthesized audio"
"spalding-021-03","21","1","u","3","oo /u/ as in rule","spalding-021-u-03-oo-as-in-rule.mp3","0.22","7257","e1b95c20fb3007f6858d87cfc201a310b4f0f802170f04426315492a3f3926ce","Track01.mp3","e6444b67ac73df868cc4701a6ae14110500d7511f283f639cdf9d9ea9e4e4e19","215.266","215.486","Exact source interval re-encoded to mono 44.1 kHz 192 kbps MP3; no replacement or synthesized audio"
"spalding-022-01","22","1","v","1","/v/","spalding-022-v-01-v.mp3","0.29","9110","a616b3e1533dcc532301dba8277143c3c00e7197aaeb23582aa1d6db8bfaae54","Track01.mp3","e6444b67ac73df868cc4701a6ae14110500d7511f283f639cdf9d9ea9e4e4e19","221.057","221.347","Exact source interval re-encoded to mono 44.1 kHz 192 kbps MP3; no replacement or synthesized audio"
"spalding-023-01","23","1","w","1","/w/","spalding-023-w-01-w.mp3","0.185011","6601","1db3b34b337bd516afb957b26d77613f4d1684712c1fd9071fe0cc3b816548a4","Track01.mp3","e6444b67ac73df868cc4701a6ae14110500d7511f283f639cdf9d9ea9e4e4e19","226.685","226.87","Exact source interval re-encoded to mono 44.1 kHz 192 kbps MP3; no replacement or synthesized audio"
"spalding-024-01","24","1","x","1","/ks/","spalding-024-x-01-ks.mp3","0.255011","7858","edaa90dcb550c496e8901381822af0653a08a7230151afb4a8f20eb51e17a2dc","Track01.mp3","e6444b67ac73df868cc4701a6ae14110500d7511f283f639cdf9d9ea9e4e4e19","232.747","233.002","Exact source interval re-encoded to mono 44.1 kHz 192 kbps MP3; no replacement or synthesized audio"
"spalding-025-01","25","1","y","1","/y/ as in yes","spalding-025-y-01-y-as-in-yes.mp3","0.25","7876","6ed3c0c184ef0d4106e713ce45ed35abc06ec2a6d2b46d1d05fb2a228a5f6ef2","Track01.mp3","e6444b67ac73df868cc4701a6ae14110500d7511f283f639cdf9d9ea9e4e4e19","238.451","238.701","Exact source interval re-encoded to mono 44.1 kHz 192 kbps MP3; no replacement or synthesized audio"
"spalding-025-02","25","1","y","2","ĭ /ɪ/ as in gym","spalding-025-y-02-short-i-as-in-gym.mp3","0.2","6626","64040ad6acdd77905ebbd0577aabf636ea94a2921eff83c5d5462035cb0d8ebf","Track01.mp3","e6444b67ac73df868cc4701a6ae14110500d7511f283f639cdf9d9ea9e4e4e19","239.401","239.601","Exact source interval re-encoded to mono 44.1 kHz 192 kbps MP3; no replacement or synthesized audio"
"spalding-025-03","25","1","y","3","ī /aɪ/ as in my","spalding-025-y-03-long-i-as-in-my.mp3","0.335011","9761","4d5db9581d4f76902398214d46ad24c9a6daab5aebfe4c261b6ced3d666f608d","Track01.mp3","e6444b67ac73df868cc4701a6ae14110500d7511f283f639cdf9d9ea9e4e4e19","240.326","240.661","Exact source interval re-encoded to mono 44.1 kHz 192 kbps MP3; no replacement or synthesized audio"
"spalding-026-01","26","1","z","1","/z/","spalding-026-z-01-z.mp3","0.325011","9737","78dbe86c235965c56c86e35cdb7d59a457a7a235fadedd528feefb11ae95f1a2","Track01.mp3","e6444b67ac73df868cc4701a6ae14110500d7511f283f639cdf9d9ea9e4e4e19","246.402","246.727","Exact source interval re-encoded to mono 44.1 kHz 192 kbps MP3; no replacement or synthesized audio"
"spalding-027-01","27","2","sh","1","/sh/","spalding-027-sh-01-sh.mp3","0.37","10991","548da089d8479d116dd9b50e508da6359de5d0b18a1854a4d1c5c4c91669e863","Track02.mp3","d1417576ef30dbc7d74d3484b87cc85bd89bc59e279fd4512898d355484ee84b","5.045","5.415","Exact source interval re-encoded to mono 44.1 kHz 192 kbps MP3; no replacement or synthesized audio"
"spalding-028-01","28","2","ee","1","/ē/","spalding-028-ee-01-long-e.mp3","0.425011","12243","528179623f82b562595c48151187f53e3521f86e518b3a9677c28832f462fab5","Track02.mp3","d1417576ef30dbc7d74d3484b87cc85bd89bc59e279fd4512898d355484ee84b","11.285","11.71","Exact source interval re-encoded to mono 44.1 kHz 192 kbps MP3; no replacement or synthesized audio"
"spalding-029-01","29","2","th","1","unvoiced /th/ as in thin","spalding-029-th-01-unvoiced-th-as-in-thin.mp3","0.29","9149","76ea6786547b8cdb18891a099b72705dabf8c25d7df8d0114838b0d3745b53ba","Track02.mp3","d1417576ef30dbc7d74d3484b87cc85bd89bc59e279fd4512898d355484ee84b","17.8","18.09","Exact source interval re-encoded to mono 44.1 kHz 192 kbps MP3; no replacement or synthesized audio"
"spalding-029-02","29","2","th","2","voiced /th/ as in this","spalding-029-th-02-voiced-th-as-in-this.mp3","0.405011","11655","0b4bb192b228498b74401298406e367e94ada569de04f46003dad8ad2be13e0c","Track02.mp3","d1417576ef30dbc7d74d3484b87cc85bd89bc59e279fd4512898d355484ee84b","18.675","19.08","Exact source interval re-encoded to mono 44.1 kHz 192 kbps MP3; no replacement or synthesized audio"
"spalding-030-01","30","2","ow","1","/ow/ as in cow","spalding-030-ow-01-ow-as-in-cow.mp3","0.465011","12892","4eb2fdc37d87b6a2de9319a87039c88b0c6a3e0b9d0f405975e3d590aff6634d","Track02.mp3","d1417576ef30dbc7d74d3484b87cc85bd89bc59e279fd4512898d355484ee84b","25.885","26.35","Exact source interval re-encoded to mono 44.1 kHz 192 kbps MP3; no replacement or synthesized audio"
"spalding-030-02","30","2","ow","2","/ō/ as in snow","spalding-030-ow-02-long-o-as-in-snow.mp3","0.405011","11638","4def811cd265e067f6d955ada308d3d127bc01ee1e96f9b90e2d530f694bd613","Track02.mp3","d1417576ef30dbc7d74d3484b87cc85bd89bc59e279fd4512898d355484ee84b","26.695","27.1","Exact source interval re-encoded to mono 44.1 kHz 192 kbps MP3; no replacement or synthesized audio"
"spalding-031-01","31","2","ou","1","/ow/ as in out","spalding-031-ou-01-ow-as-in-out.mp3","0.38","11013","0ba20c8cc0bb10f4f1e181dcdeccd0b656699189141f33d75624dabc0b1ad967","Track02.mp3","d1417576ef30dbc7d74d3484b87cc85bd89bc59e279fd4512898d355484ee84b","34.855","35.235","Exact source interval re-encoded to mono 44.1 kHz 192 kbps MP3; no replacement or synthesized audio"
"spalding-031-02","31","2","ou","2","/ō/ as in soul","spalding-031-ou-02-long-o-as-in-soul.mp3","0.375011","11012","9b38b4afa328fe3d5941b5e0bde8c404e53f1e0eb07386d55cfb285d5266b72f","Track02.mp3","d1417576ef30dbc7d74d3484b87cc85bd89bc59e279fd4512898d355484ee84b","35.835","36.21","Exact source interval re-encoded to mono 44.1 kHz 192 kbps MP3; no replacement or synthesized audio"
"spalding-031-03","31","2","ou","3","/oo/ as in soup","spalding-031-ou-03-oo-as-in-soup.mp3","0.375011","11014","aa5343a489a77b8e81738a0d214a1087b16009d039a09e03deb770f00c31ffcf","Track02.mp3","d1417576ef30dbc7d74d3484b87cc85bd89bc59e279fd4512898d355484ee84b","36.93","37.305","Exact source interval re-encoded to mono 44.1 kHz 192 kbps MP3; no replacement or synthesized audio"
"spalding-031-04","31","2","ou","4","/ŭ/ as in country","spalding-031-ou-04-short-u-as-in-country.mp3","0.205011","6629","7c9a875989b94c7fa0780ea5cdbebad4d948701412266e65f5b62c298a1ed2a2","Track02.mp3","d1417576ef30dbc7d74d3484b87cc85bd89bc59e279fd4512898d355484ee84b","37.975","38.18","Exact source interval re-encoded to mono 44.1 kHz 192 kbps MP3; no replacement or synthesized audio"
"spalding-032-01","32","2","oo","1","long /oo/ as in food","spalding-032-oo-01-long-oo-as-in-food.mp3","0.39","11025","09d72180ab5736da8ce79d8b05cd73fc4a5f5bd1c30baff84c3efd1fc7fca9d4","Track02.mp3","d1417576ef30dbc7d74d3484b87cc85bd89bc59e279fd4512898d355484ee84b","44.275","44.665","Exact source interval re-encoded to mono 44.1 kHz 192 kbps MP3; no replacement or synthesized audio"
"spalding-032-02","32","2","oo","2","short /oo/ as in book","spalding-032-oo-02-short-oo-as-in-book.mp3","0.245011","7891","6e3abbf70b24c3e76efb822395e62e4dadd031fd6ffdb0488c4849576c4f1ae1","Track02.mp3","d1417576ef30dbc7d74d3484b87cc85bd89bc59e279fd4512898d355484ee84b","45.205","45.45","Exact source interval re-encoded to mono 44.1 kHz 192 kbps MP3; no replacement or synthesized audio"
"spalding-033-01","33","2","ch","1","/ch/ as in child","spalding-033-ch-01-ch-as-in-child.mp3","0.18","6001","c5a1a8b17125f5ce309168ffefbe5e74839bb9d0d18b07ca5b39cee5cdd23c5f","Track02.mp3","d1417576ef30dbc7d74d3484b87cc85bd89bc59e279fd4512898d355484ee84b","51.305","51.485","Exact source interval re-encoded to mono 44.1 kHz 192 kbps MP3; no replacement or synthesized audio"
"spalding-033-02","33","2","ch","2","/k/ as in school","spalding-033-ch-02-k-as-in-school.mp3","0.115011","4745","0b2e2d138c007ccdda685cc5a1c9e78d5a1dc69eec76529c5a35fc1e535bb31a","Track02.mp3","d1417576ef30dbc7d74d3484b87cc85bd89bc59e279fd4512898d355484ee84b","52.2","52.315","Exact source interval re-encoded to mono 44.1 kHz 192 kbps MP3; no replacement or synthesized audio"
"spalding-033-03","33","2","ch","3","/sh/ as in chef","spalding-033-ch-03-sh-as-in-chef.mp3","0.305011","9133","682a98c99ff9dd1fc0b12323dd0225e4872a2ae48e614356c452110d576471c5","Track02.mp3","d1417576ef30dbc7d74d3484b87cc85bd89bc59e279fd4512898d355484ee84b","52.99","53.295","Exact source interval re-encoded to mono 44.1 kHz 192 kbps MP3; no replacement or synthesized audio"
"spalding-034-01","34","2","ar","1","/ar/","spalding-034-ar-01-ar.mp3","0.46","12873","4b95b945cbe285463bac690e48748a652d9961074bb13bf86a2cf066e27610af","Track02.mp3","d1417576ef30dbc7d74d3484b87cc85bd89bc59e279fd4512898d355484ee84b","60.375","60.835","Exact source interval re-encoded to mono 44.1 kHz 192 kbps MP3; no replacement or synthesized audio"
"spalding-035-01","35","2","ay","1","/ā/; used at the end of a word","spalding-035-ay-01-long-a-used-at-the-end-of-a-word.mp3","0.445147","12924","f95dbc2699841b423ab10dd0905d40503a87f2922571729b125114a4a5122ba8","Track02.mp3","d1417576ef30dbc7d74d3484b87cc85bd89bc59e279fd4512898d355484ee84b","67.505","67.95","Exact source interval re-encoded to mono 44.1 kHz 192 kbps MP3; no replacement or synthesized audio"
"spalding-036-01","36","2","ai","1","/ā/; not normally used at the end of a word","spalding-036-ai-01-long-a-not-normally-used-at-the-end-of-a-word.mp3","0.475011","13577","591102d8030058d4f3ea065ff9a6d0f02bdf4b3ea46e0ac46a328d8dbc28ff60","Track02.mp3","d1417576ef30dbc7d74d3484b87cc85bd89bc59e279fd4512898d355484ee84b","74.915","75.39","Exact source interval re-encoded to mono 44.1 kHz 192 kbps MP3; no replacement or synthesized audio"
"spalding-037-01","37","2","oy","1","/oy/; used at the end of a word","spalding-037-oy-01-oy-used-at-the-end-of-a-word.mp3","0.445147","12926","f84dc32fbd5d41ff918e6cd009998f4fa35f891a2d2818c6443a2b8d9a17a4a3","Track02.mp3","d1417576ef30dbc7d74d3484b87cc85bd89bc59e279fd4512898d355484ee84b","81.625","82.07","Exact source interval re-encoded to mono 44.1 kHz 192 kbps MP3; no replacement or synthesized audio"
"spalding-038-01","38","2","oi","1","/oy/; not normally used at the end of a word","spalding-038-oi-01-oy-not-normally-used-at-the-end-of-a-word.mp3","0.425011","12324","dc78e6d89825b73f8bcb70255082f29a403535208492ae6cc8dbb5ab5799b84e","Track02.mp3","d1417576ef30dbc7d74d3484b87cc85bd89bc59e279fd4512898d355484ee84b","88.275","88.7","Exact source interval re-encoded to mono 44.1 kHz 192 kbps MP3; no replacement or synthesized audio"
"spalding-039-01","39","2","er","1","/er/ as in her","spalding-039-er-01-er-as-in-her.mp3","0.415011","11639","d8a781b092852cd9d889ba715b23c47160d890258474742bd6f57465680951de","Track02.mp3","d1417576ef30dbc7d74d3484b87cc85bd89bc59e279fd4512898d355484ee84b","94.68","95.095","Exact source interval re-encoded to mono 44.1 kHz 192 kbps MP3; no replacement or synthesized audio"
"spalding-040-01","40","2","ir","1","/er/ as in first","spalding-040-ir-01-er-as-in-first.mp3","0.41","11646","6b5deb7924078dac43697ac912bce9e12867560860486ce88b34a4f0cfd0bcd5","Track02.mp3","d1417576ef30dbc7d74d3484b87cc85bd89bc59e279fd4512898d355484ee84b","100.405","100.815","Exact source interval re-encoded to mono 44.1 kHz 192 kbps MP3; no replacement or synthesized audio"
"spalding-041-01","41","2","ur","1","/er/ as in nurse","spalding-041-ur-01-er-as-in-nurse.mp3","0.445147","12898","18c7ba57203611cecc579c4bd6c564794da2b9d20863c4201a89fcaf03e832a7","Track02.mp3","d1417576ef30dbc7d74d3484b87cc85bd89bc59e279fd4512898d355484ee84b","105.585","106.03","Exact source interval re-encoded to mono 44.1 kHz 192 kbps MP3; no replacement or synthesized audio"
"spalding-042-01","42","2","wor","1","/wer/ as in work","spalding-042-wor-01-wer-as-in-work.mp3","0.525011","14780","e2d294e0eae5dad3641973b76872eaf42dbdf4dec1ce3a27fb0b8ed210ad05d9","Track02.mp3","d1417576ef30dbc7d74d3484b87cc85bd89bc59e279fd4512898d355484ee84b","111.9","112.425","Exact source interval re-encoded to mono 44.1 kHz 192 kbps MP3; no replacement or synthesized audio"
"spalding-043-01","43","2","ear","1","/er/ as in early — the single sound recorded on Track 2","spalding-043-ear-01-er-as-in-early-the-single-sound-recorded-on-track-2.mp3","0.44","12352","aed5a9a61d4f94e8927bd4a2d7fdc9c03555bb2440fefea7b1311674547c8cc0","Track02.mp3","d1417576ef30dbc7d74d3484b87cc85bd89bc59e279fd4512898d355484ee84b","119.215","119.655","Exact source interval re-encoded to mono 44.1 kHz 192 kbps MP3; no replacement or synthesized audio"
"spalding-044-01","44","2","ng","1","/ng/","spalding-044-ng-01-ng.mp3","0.53","14754","69020c370fff01656c52c0a50622625e5748ab153c4a5b35a289f8ee14ed0799","Track02.mp3","d1417576ef30dbc7d74d3484b87cc85bd89bc59e279fd4512898d355484ee84b","126.41","126.94","Exact source interval re-encoded to mono 44.1 kHz 192 kbps MP3; no replacement or synthesized audio"
"spalding-045-01","45","2","ea","1","/ē/ as in eat","spalding-045-ea-01-long-e-as-in-eat.mp3","0.43","12266","d8210a3d383df97d7a57a7ebbf9965d12aa53304c2eed7fea02f592a7c659006","Track02.mp3","d1417576ef30dbc7d74d3484b87cc85bd89bc59e279fd4512898d355484ee84b","132.505","132.935","Exact source interval re-encoded to mono 44.1 kHz 192 kbps MP3; no replacement or synthesized audio"
"spalding-045-02","45","2","ea","2","/ĕ/ as in head","spalding-045-ea-02-short-e-as-in-head.mp3","0.345011","10387","cb23f66b948e1ce5b93dc35483f49e237704ac9ca66c05015212f84981f217e4","Track02.mp3","d1417576ef30dbc7d74d3484b87cc85bd89bc59e279fd4512898d355484ee84b","133.345","133.69","Exact source interval re-encoded to mono 44.1 kHz 192 kbps MP3; no replacement or synthesized audio"
"spalding-045-03","45","2","ea","3","/ā/ as in steak","spalding-045-ea-03-long-a-as-in-steak.mp3","0.385011","11016","e2f7bc44321fde54ddecfbce34062e79a1b54f0f168664ea69e28e689457ca1c","Track02.mp3","d1417576ef30dbc7d74d3484b87cc85bd89bc59e279fd4512898d355484ee84b","134.155","134.54","Exact source interval re-encoded to mono 44.1 kHz 192 kbps MP3; no replacement or synthesized audio"
"spalding-046-01","46","3","aw","1","/aw/ as in saw","spalding-046-aw-01-aw-as-in-saw.mp3","0.385011","11010","5f8289254baaf6332e2c1ec9a3411e222e404edefa4e93276cf6039c6a6365ae","Track03.mp3","b5dae34422ed3e6737bf9017efad985b31cb5c65fd83cb0c08334b157300548d","5.13","5.515","Exact source interval re-encoded to mono 44.1 kHz 192 kbps MP3; no replacement or synthesized audio"
"spalding-047-01","47","3","au","1","/aw/ as in haul","spalding-047-au-01-aw-as-in-haul.mp3","0.365011","10387","0ee2b345b8cb119f3ac36b250e027eea72a4ff795528195de6b2587bc749ee6a","Track03.mp3","b5dae34422ed3e6737bf9017efad985b31cb5c65fd83cb0c08334b157300548d","11.51","11.875","Exact source interval re-encoded to mono 44.1 kHz 192 kbps MP3; no replacement or synthesized audio"
"spalding-048-01","48","3","or","1","/or/","spalding-048-or-01-or.mp3","0.445147","12872","f94ea0a87b6223bc653a5362cd6a33acdc919c9654e6ab48ea7d80c33f38a80c","Track03.mp3","b5dae34422ed3e6737bf9017efad985b31cb5c65fd83cb0c08334b157300548d","17.795","18.24","Exact source interval re-encoded to mono 44.1 kHz 192 kbps MP3; no replacement or synthesized audio"
"spalding-049-01","49","3","ck","1","/k/","spalding-049-ck-01-k.mp3","0.18","5973","dfe523c39524299bd26f82751b92001787a8c7bb3cb1bc7fdcec3ba3dcb8bed0","Track03.mp3","b5dae34422ed3e6737bf9017efad985b31cb5c65fd83cb0c08334b157300548d","23.44","23.62","Exact source interval re-encoded to mono 44.1 kHz 192 kbps MP3; no replacement or synthesized audio"
"spalding-050-01","50","3","wh","1","/hw/ or /w/","spalding-050-wh-01-hw-or-w.mp3","0.22","7245","80b2d48c151f3a380aba20bd2a377c764f51810d72bcdb62360cb61458b072c7","Track03.mp3","b5dae34422ed3e6737bf9017efad985b31cb5c65fd83cb0c08334b157300548d","29.765","29.985","Exact source interval re-encoded to mono 44.1 kHz 192 kbps MP3; no replacement or synthesized audio"
"spalding-051-01","51","3","ed","1","/ĕd/ as in wanted","spalding-051-ed-01-short-ed-as-in-wanted.mp3","0.46","12896","6aa41c77aa6a332c0ecb304b24b9672c58f99a4dc660cda5c1d0668bdd4df92a","Track03.mp3","b5dae34422ed3e6737bf9017efad985b31cb5c65fd83cb0c08334b157300548d","36.4","36.86","Exact source interval re-encoded to mono 44.1 kHz 192 kbps MP3; no replacement or synthesized audio"
"spalding-051-02","51","3","ed","2","/d/ as in played","spalding-051-ed-02-d-as-in-played.mp3","0.205011","6627","59e83ad08e309f63c66442972444511e87d7340195400a4c92e813205c8232f1","Track03.mp3","b5dae34422ed3e6737bf9017efad985b31cb5c65fd83cb0c08334b157300548d","37.345","37.55","Exact source interval re-encoded to mono 44.1 kHz 192 kbps MP3; no replacement or synthesized audio"
"spalding-051-03","51","3","ed","3","/t/ as in jumped","spalding-051-ed-03-t-as-in-jumped.mp3","0.16","5998","170ce30106a48cba6b19189a1f2a762d29b9bdb2ac4887ac2cc2ace89c987093","Track03.mp3","b5dae34422ed3e6737bf9017efad985b31cb5c65fd83cb0c08334b157300548d","38.3","38.46","Exact source interval re-encoded to mono 44.1 kHz 192 kbps MP3; no replacement or synthesized audio"
"spalding-052-01","52","3","ew","1","/oo/ as in grew","spalding-052-ew-01-oo-as-in-grew.mp3","0.45","12895","918a03eaa17ed93e7ea355af323f197065f6dc81fd9561a96a50a7099b693116","Track03.mp3","b5dae34422ed3e6737bf9017efad985b31cb5c65fd83cb0c08334b157300548d","44.925","45.375","Exact source interval re-encoded to mono 44.1 kHz 192 kbps MP3; no replacement or synthesized audio"
"spalding-052-02","52","3","ew","2","/ū/ as in few","spalding-052-ew-02-long-u-as-in-few.mp3","0.465011","12890","d783a5e544fac122a1f1f92f63ead7c03a053acf23d8bd979afb267f4d818efc","Track03.mp3","b5dae34422ed3e6737bf9017efad985b31cb5c65fd83cb0c08334b157300548d","45.925","46.39","Exact source interval re-encoded to mono 44.1 kHz 192 kbps MP3; no replacement or synthesized audio"
"spalding-053-01","53","3","ui","1","/oo/ as in fruit","spalding-053-ui-01-oo-as-in-fruit.mp3","0.4","11642","82ed8667524597839a8dd66e9ecaf8c1bfee09360256ada3d9b6a9160826f307","Track03.mp3","b5dae34422ed3e6737bf9017efad985b31cb5c65fd83cb0c08334b157300548d","52.62","53.02","Exact source interval re-encoded to mono 44.1 kHz 192 kbps MP3; no replacement or synthesized audio"
"spalding-053-02","53","3","ui","2","/ū/ as in suit","spalding-053-ui-02-long-u-as-in-suit.mp3","0.455011","12892","5effb3a935ce8b8c120ab7c9f169df3e60b73eea44a3d8baf56d4cfe301e146b","Track03.mp3","b5dae34422ed3e6737bf9017efad985b31cb5c65fd83cb0c08334b157300548d","53.47","53.925","Exact source interval re-encoded to mono 44.1 kHz 192 kbps MP3; no replacement or synthesized audio"
"spalding-054-01","54","3","oa","1","/ō/ as in boat","spalding-054-oa-01-long-o-as-in-boat.mp3","0.5","14147","4213109409315c94e18864491b8a19890b547ad8d8515bd96c44b3ed5d287b8f","Track03.mp3","b5dae34422ed3e6737bf9017efad985b31cb5c65fd83cb0c08334b157300548d","59.625","60.125","Exact source interval re-encoded to mono 44.1 kHz 192 kbps MP3; no replacement or synthesized audio"
"spalding-055-01","55","3","gu","1","/g/ as in guess","spalding-055-gu-01-g-as-in-guess.mp3","0.15","5370","d0854902251c095202107d03293e4bbd0863f01666887016fd22b115b0b69929","Track03.mp3","b5dae34422ed3e6737bf9017efad985b31cb5c65fd83cb0c08334b157300548d","65.74","65.89","Exact source interval re-encoded to mono 44.1 kHz 192 kbps MP3; no replacement or synthesized audio"
"spalding-056-01","56","3","ph","1","/f/ as in phone","spalding-056-ph-01-f-as-in-phone.mp3","0.36","10388","6c064fdbfa85d58030702ba4b33580689d2bb7d431add4a29bc27b1b1ccc15ab","Track03.mp3","b5dae34422ed3e6737bf9017efad985b31cb5c65fd83cb0c08334b157300548d","73.395","73.755","Exact source interval re-encoded to mono 44.1 kHz 192 kbps MP3; no replacement or synthesized audio"
"spalding-057-01","57","3","ough","1","/ō/ as in though","spalding-057-ough-01-long-o-as-in-though.mp3","0.415011","11647","258a2cee29572f4f4a9631b15a5fff02b9201d02a07eaf551e73c644fac4e7fb","Track03.mp3","b5dae34422ed3e6737bf9017efad985b31cb5c65fd83cb0c08334b157300548d","79.94","80.355","Exact source interval re-encoded to mono 44.1 kHz 192 kbps MP3; no replacement or synthesized audio"
"spalding-057-02","57","3","ough","2","/oo/ as in through","spalding-057-ough-02-oo-as-in-through.mp3","0.45","12905","3d3f12e91d1de1ff1617c1ea60071c050f185b385ee8f29c5a39566595c43c62","Track03.mp3","b5dae34422ed3e6737bf9017efad985b31cb5c65fd83cb0c08334b157300548d","80.925","81.375","Exact source interval re-encoded to mono 44.1 kHz 192 kbps MP3; no replacement or synthesized audio"
"spalding-057-03","57","3","ough","3","/ŭf/ as in rough","spalding-057-ough-03-short-uf-as-in-rough.mp3","0.205011","6631","ad118f5eac6741720f906c9521e144614dc9cf786a7f15fce5feb9a8c95f6115","Track03.mp3","b5dae34422ed3e6737bf9017efad985b31cb5c65fd83cb0c08334b157300548d","81.965","82.17","Exact source interval re-encoded to mono 44.1 kHz 192 kbps MP3; no replacement or synthesized audio"
"spalding-057-04","57","3","ough","4","/ŏf/ as in cough","spalding-057-ough-04-short-of-as-in-cough.mp3","0.28","8513","a5e93c8ae1b5fab3f922f54a948cb6a13b92f3e8d101780bde50ebdfb6311f27","Track03.mp3","b5dae34422ed3e6737bf9017efad985b31cb5c65fd83cb0c08334b157300548d","82.905","83.185","Exact source interval re-encoded to mono 44.1 kHz 192 kbps MP3; no replacement or synthesized audio"
"spalding-057-05","57","3","ough","5","/aw/ as in thought","spalding-057-ough-05-aw-as-in-thought.mp3","0.37","11023","43297ed0818f924ab82713159e1264ab5c05d93697054f856e4ff943318722ca","Track03.mp3","b5dae34422ed3e6737bf9017efad985b31cb5c65fd83cb0c08334b157300548d","83.91","84.28","Exact source interval re-encoded to mono 44.1 kHz 192 kbps MP3; no replacement or synthesized audio"
"spalding-057-06","57","3","ough","6","/ow/ as in bough","spalding-057-ough-06-ow-as-in-bough.mp3","0.345011","10393","0dbeda0a9112757959cf0b07269082f7a46d117d81430ffaf84723609c7bae90","Track03.mp3","b5dae34422ed3e6737bf9017efad985b31cb5c65fd83cb0c08334b157300548d","84.87","85.215","Exact source interval re-encoded to mono 44.1 kHz 192 kbps MP3; no replacement or synthesized audio"
"spalding-058-01","58","3","oe","1","/ō/ as in toe","spalding-058-oe-01-long-o-as-in-toe.mp3","0.46","12891","bfe93cc2ea5c389cb9273941b75305d913e7070bb54f97f69a423c3972ee121a","Track03.mp3","b5dae34422ed3e6737bf9017efad985b31cb5c65fd83cb0c08334b157300548d","93.095","93.555","Exact source interval re-encoded to mono 44.1 kHz 192 kbps MP3; no replacement or synthesized audio"
"spalding-059-01","59","4","ey","1","/ē/ as in key","spalding-059-ey-01-long-e-as-in-key.mp3","0.405011","11635","2ffe73bea0d6b9d3111b31e04291784c4301b8ffa0853d872396fcb852fdd62d","Track04.mp3","8ac8d247ccda0588e5ca19846425faaa22c96b830969a43d5f1e59fdd7b7ec1e","6.37","6.775","Exact source interval re-encoded to mono 44.1 kHz 192 kbps MP3; no replacement or synthesized audio"
"spalding-059-02","59","4","ey","2","/ā/ as in they","spalding-059-ey-02-long-a-as-in-they.mp3","0.255011","7875","b8cbc3e65ffc1051b2f6e458382940f7d6d7871216ae77e988d200aaa2a1381a","Track04.mp3","8ac8d247ccda0588e5ca19846425faaa22c96b830969a43d5f1e59fdd7b7ec1e","7.185","7.44","Exact source interval re-encoded to mono 44.1 kHz 192 kbps MP3; no replacement or synthesized audio"
"spalding-060-01","60","4","igh","1","/ī/ as in night","spalding-060-igh-01-long-i-as-in-night.mp3","0.405011","11643","131b221d6bb552aac8dba7fe7c5d963d754d95e573939c7b777e8bb2b469bb7f","Track04.mp3","8ac8d247ccda0588e5ca19846425faaa22c96b830969a43d5f1e59fdd7b7ec1e","14.37","14.775","Exact source interval re-encoded to mono 44.1 kHz 192 kbps MP3; no replacement or synthesized audio"
"spalding-061-01","61","4","kn","1","/n/; used at the beginning of a base word","spalding-061-kn-01-n-used-at-the-beginning-of-a-base-word.mp3","0.53","14826","ac5ba2a0ddd9df306ac07d123cb8339cddd7033d3c31294e6b5b1aed65903c7e","Track04.mp3","8ac8d247ccda0588e5ca19846425faaa22c96b830969a43d5f1e59fdd7b7ec1e","22.41","22.94","Exact source interval re-encoded to mono 44.1 kHz 192 kbps MP3; no replacement or synthesized audio"
"spalding-062-01","62","4","gn","1","/n/ as in gnat or sign","spalding-062-gn-01-n-as-in-gnat-or-sign.mp3","0.515011","14162","7d410c9765f5c9b85168086a785dcdc48e079c19f31041f42289f5c78a0ea769","Track04.mp3","8ac8d247ccda0588e5ca19846425faaa22c96b830969a43d5f1e59fdd7b7ec1e","30.27","30.785","Exact source interval re-encoded to mono 44.1 kHz 192 kbps MP3; no replacement or synthesized audio"
"spalding-063-01","63","4","wr","1","/r/; used at the beginning of a base word","spalding-063-wr-01-r-used-at-the-beginning-of-a-base-word.mp3","0.195011","6677","82b6f9086c74d41a991513ec24f5472c5b87b4a2f00673f536d1c217e458b98a","Track04.mp3","8ac8d247ccda0588e5ca19846425faaa22c96b830969a43d5f1e59fdd7b7ec1e","37.04","37.235","Exact source interval re-encoded to mono 44.1 kHz 192 kbps MP3; no replacement or synthesized audio"
"spalding-064-01","64","4","ie","1","/ē/ as in field","spalding-064-ie-01-long-e-as-in-field.mp3","0.385011","11014","0d65166fbcbd51e4c133bd2c809128d43f4959aa88454aa2c556cce4ed3d3637","Track04.mp3","8ac8d247ccda0588e5ca19846425faaa22c96b830969a43d5f1e59fdd7b7ec1e","44.325","44.71","Exact source interval re-encoded to mono 44.1 kHz 192 kbps MP3; no replacement or synthesized audio"
"spalding-064-02","64","4","ie","2","/ī/ as in pie","spalding-064-ie-02-long-i-as-in-pie.mp3","0.405011","11637","e95fc861d966a790c64ccccb7797eb4fa936605e5b099bd308de5c6a56a5a462","Track04.mp3","8ac8d247ccda0588e5ca19846425faaa22c96b830969a43d5f1e59fdd7b7ec1e","45.38","45.785","Exact source interval re-encoded to mono 44.1 kHz 192 kbps MP3; no replacement or synthesized audio"
"spalding-064-03","64","4","ie","3","/ĭ/ as in sieve","spalding-064-ie-03-short-i-as-in-sieve.mp3","0.2","6624","9da7bd26019df58fe5be18681f3e2d135223ae946d2ada3e5cac549b9c103a3f","Track04.mp3","8ac8d247ccda0588e5ca19846425faaa22c96b830969a43d5f1e59fdd7b7ec1e","46.42","46.62","Exact source interval re-encoded to mono 44.1 kHz 192 kbps MP3; no replacement or synthesized audio"
"spalding-065-01","65","4","dge","1","/j/ as in edge","spalding-065-dge-01-j-as-in-edge.mp3","0.225011","7251","9633d09be1fc25b5dc7bee6f6bb51716443726febbe7858c3799b5403c50363c","Track04.mp3","8ac8d247ccda0588e5ca19846425faaa22c96b830969a43d5f1e59fdd7b7ec1e","53.075","53.3","Exact source interval re-encoded to mono 44.1 kHz 192 kbps MP3; no replacement or synthesized audio"
"spalding-066-01","66","4","ei","1","/ē/ as in receive","spalding-066-ei-01-long-e-as-in-receive.mp3","0.45","12897","1513e0a47ddaf3389dc6f746ea5ee02c0f74a505641228db82bce7dc35ac6199","Track04.mp3","8ac8d247ccda0588e5ca19846425faaa22c96b830969a43d5f1e59fdd7b7ec1e","60.66","61.11","Exact source interval re-encoded to mono 44.1 kHz 192 kbps MP3; no replacement or synthesized audio"
"spalding-066-02","66","4","ei","2","/ā/ as in vein","spalding-066-ei-02-long-a-as-in-vein.mp3","0.475011","13519","b68e30545bd7b08953b1f5d15903b85d3e2ad35ae058eab7449a1c0c267b8c76","Track04.mp3","8ac8d247ccda0588e5ca19846425faaa22c96b830969a43d5f1e59fdd7b7ec1e","61.51","61.985","Exact source interval re-encoded to mono 44.1 kHz 192 kbps MP3; no replacement or synthesized audio"
"spalding-066-03","66","4","ei","3","/ī/ as in height","spalding-066-ei-03-long-i-as-in-height.mp3","0.23","7255","a4671c35c4dd9c13af66e16c4cedb5a76a7d753f3d2e6d131db5b9674fe3e6a3","Track04.mp3","8ac8d247ccda0588e5ca19846425faaa22c96b830969a43d5f1e59fdd7b7ec1e","62.385","62.615","Exact source interval re-encoded to mono 44.1 kHz 192 kbps MP3; no replacement or synthesized audio"
"spalding-067-01","67","4","eigh","1","/ā/ as in eight","spalding-067-eigh-01-long-a-as-in-eight.mp3","0.47","12897","bc6d6d14e541b071714c3f5729949cae9ba18013092f72f15702f8d2e882117c","Track04.mp3","8ac8d247ccda0588e5ca19846425faaa22c96b830969a43d5f1e59fdd7b7ec1e","69.56","70.03","Exact source interval re-encoded to mono 44.1 kHz 192 kbps MP3; no replacement or synthesized audio"
"spalding-068-01","68","4","ti","1","/sh/ as in nation","spalding-068-ti-01-sh-as-in-nation.mp3","0.3","9138","0da038e6e0bbdb47680629c5fb366732e3372320efe48444671bb230a30d9522","Track04.mp3","8ac8d247ccda0588e5ca19846425faaa22c96b830969a43d5f1e59fdd7b7ec1e","79.355","79.655","Exact source interval re-encoded to mono 44.1 kHz 192 kbps MP3; no replacement or synthesized audio"
"spalding-069-01","69","4","si","1","/sh/ as in session","spalding-069-si-01-sh-as-in-session.mp3","0.275011","8512","2bfffe6e263441210f772bbd4a2e50691dec2a45e995124c9f76861419e50de0","Track04.mp3","8ac8d247ccda0588e5ca19846425faaa22c96b830969a43d5f1e59fdd7b7ec1e","86.98","87.255","Exact source interval re-encoded to mono 44.1 kHz 192 kbps MP3; no replacement or synthesized audio"
"spalding-069-02","69","4","si","2","/zh/ as in vision","spalding-069-si-02-zh-as-in-vision.mp3","0.355011","10390","e2ba4b2a5a0b8497387620e71e7159f8eac8f624404ce59cb69c59bff9d8b98c","Track04.mp3","8ac8d247ccda0588e5ca19846425faaa22c96b830969a43d5f1e59fdd7b7ec1e","87.9","88.255","Exact source interval re-encoded to mono 44.1 kHz 192 kbps MP3; no replacement or synthesized audio"
"spalding-070-01","70","4","ci","1","/sh/ as in special","spalding-070-ci-01-sh-as-in-special.mp3","0.29","9138","ac1a9753a2b16c438e32332b506fd065166254f7376621e06f2b6b4b3d5e24c6","Track04.mp3","8ac8d247ccda0588e5ca19846425faaa22c96b830969a43d5f1e59fdd7b7ec1e","94.43","94.72","Exact source interval re-encoded to mono 44.1 kHz 192 kbps MP3; no replacement or synthesized audio"
